-- SupplyMind AI — COMPLETE database: schema + ALL rows in one file.
-- Run once in Supabase SQL Editor on an empty database (or after reset below).
-- Timestamps are fixed (reference: 2026-04-04 18:00:00+00 UTC), same as csv/*.csv.

-- Reset (removes existing SupplyMind tables if present)
DROP TABLE IF EXISTS lever_investment CASCADE;
DROP TABLE IF EXISTS levers CASCADE;
DROP TABLE IF EXISTS insights CASCADE;
DROP TABLE IF EXISTS stops CASCADE;
DROP TABLE IF EXISTS risks CASCADE;
DROP TABLE IF EXISTS shipments CASCADE;
DROP TABLE IF EXISTS hubs CASCADE;

CREATE TABLE hubs (
    hub_name TEXT PRIMARY KEY,
    lat DOUBLE PRECISION NOT NULL,
    lon DOUBLE PRECISION NOT NULL,
    max_capacity INTEGER NOT NULL,
    current_load INTEGER NOT NULL,
    status TEXT NOT NULL
);

CREATE TABLE shipments (
    shipment_id TEXT PRIMARY KEY,
    material_type TEXT NOT NULL,
    priority_level INTEGER NOT NULL,
    total_stops INTEGER NOT NULL,
    current_stop_index INTEGER NOT NULL,
    final_deadline TIMESTAMPTZ NOT NULL,
    status TEXT NOT NULL
);

CREATE TABLE stops (
    stop_id TEXT PRIMARY KEY,
    shipment_id TEXT NOT NULL REFERENCES shipments (shipment_id) ON DELETE CASCADE,
    stop_number INTEGER NOT NULL,
    hub_name TEXT NOT NULL REFERENCES hubs (hub_name),
    planned_arrival TIMESTAMPTZ,
    actual_arrival TIMESTAMPTZ,
    planned_departure TIMESTAMPTZ,
    actual_departure TIMESTAMPTZ,
    UNIQUE (shipment_id, stop_number)
);

CREATE TABLE risks (
    risk_id TEXT PRIMARY KEY,
    hub_name TEXT NOT NULL REFERENCES hubs (hub_name) ON DELETE CASCADE,
    category TEXT NOT NULL,
    severity INTEGER NOT NULL,
    est_delay_hrs DOUBLE PRECISION NOT NULL
);

CREATE TABLE insights (
    insight_id TEXT PRIMARY KEY,
    shipment_id TEXT NOT NULL REFERENCES shipments (shipment_id) ON DELETE CASCADE,
    flag_status TEXT NOT NULL,
    predicted_arrival TIMESTAMPTZ,
    reasoning TEXT,
    confidence INTEGER
);

CREATE INDEX idx_stops_shipment_id ON stops (shipment_id);
CREATE INDEX idx_stops_hub_name ON stops (hub_name);
CREATE INDEX idx_risks_hub_name ON risks (hub_name);
CREATE INDEX idx_insights_shipment_id ON insights (shipment_id);

CREATE TABLE levers (
    lever_type TEXT PRIMARY KEY,
    value_min NUMERIC NOT NULL,
    value_max NUMERIC NOT NULL,
    default_steps INTEGER DEFAULT 11,
    unit_label TEXT,
    description TEXT
);

CREATE TABLE lever_investment (
    id SERIAL PRIMARY KEY,
    lever_type TEXT NOT NULL REFERENCES levers (lever_type) ON DELETE CASCADE,
    value NUMERIC NOT NULL,
    investment_usd NUMERIC NOT NULL CHECK (investment_usd >= 0),
    UNIQUE (lever_type, value)
);

-- === ALL DATA (complete) ===
-- Reference "now": 2026-04-04 18:00:00+00 (matches seed.sql spacing; aligns with csv/*.csv exports)

INSERT INTO hubs (hub_name, lat, lon, max_capacity, current_load, status) VALUES
    ('Chicago-Main', 41.8781, -87.6298, 120, 78, 'Open'),
    ('Dallas-Hub', 32.7767, -96.797, 90, 85, 'Congested'),
    ('Atlanta-South', 33.749, -84.388, 100, 55, 'Open'),
    ('NYC-Port', 40.7128, -74.006, 150, 120, 'Open'),
    ('Phoenix-West', 33.4484, -112.074, 80, 40, 'Open'),
    ('Seattle-North', 47.6062, -122.3321, 95, 62, 'Open'),
    ('Miami-Port', 25.7617, -80.1918, 110, 88, 'Congested');

INSERT INTO shipments (shipment_id, material_type, priority_level, total_stops, current_stop_index, final_deadline, status) VALUES
    ('SHIP-001', 'Medical Supplies', 9, 4, 2, TIMESTAMPTZ '2026-04-06 18:00:00+00', 'In Transit'),
    ('SHIP-002', 'Electronics', 6, 3, 3, TIMESTAMPTZ '2026-03-31 18:00:00+00', 'Delivered'),
    ('SHIP-003', 'Industrial Parts', 7, 5, 1, TIMESTAMPTZ '2026-04-07 18:00:00+00', 'In Transit'),
    ('SHIP-004', 'Retail Goods', 4, 3, 2, TIMESTAMPTZ '2026-04-05 18:00:00+00', 'In Transit'),
    ('SHIP-005', 'Cold Chain Food', 10, 4, 4, TIMESTAMPTZ '2026-04-04 00:00:00+00', 'Delivered'),
    ('SHIP-006', 'Automotive Parts', 8, 4, 1, TIMESTAMPTZ '2026-04-07 06:00:00+00', 'In Transit'),
    ('SHIP-007', 'Chemical Feedstock', 9, 3, 2, TIMESTAMPTZ '2026-04-06 06:00:00+00', 'In Transit'),
    ('SHIP-008', 'Apparel Bulk', 4, 3, 1, TIMESTAMPTZ '2026-04-08 18:00:00+00', 'In Transit'),
    ('SHIP-009', 'Vaccines', 10, 4, 2, TIMESTAMPTZ '2026-04-06 00:00:00+00', 'In Transit'),
    ('SHIP-010', 'Office Furniture', 5, 4, 3, TIMESTAMPTZ '2026-04-05 12:00:00+00', 'In Transit'),
    ('SHIP-011', 'Semiconductors', 9, 3, 0, TIMESTAMPTZ '2026-04-06 12:00:00+00', 'In Transit'),
    ('SHIP-012', 'Agricultural Seed', 6, 5, 2, TIMESTAMPTZ '2026-04-09 18:00:00+00', 'In Transit'),
    ('SHIP-013', 'Pet Food', 3, 2, 1, TIMESTAMPTZ '2026-04-06 10:00:00+00', 'In Transit'),
    ('SHIP-014', 'Spare Motors', 7, 4, 1, TIMESTAMPTZ '2026-04-08 06:00:00+00', 'In Transit'),
    ('SHIP-015', 'Toys', 5, 3, 3, TIMESTAMPTZ '2026-04-01 18:00:00+00', 'Delivered'),
    ('SHIP-016', 'Home Appliances', 6, 4, 4, TIMESTAMPTZ '2026-03-30 18:00:00+00', 'Delivered'),
    ('SHIP-017', 'Paper Goods', 3, 2, 2, TIMESTAMPTZ '2026-03-23 18:00:00+00', 'Delivered'),
    ('SHIP-018', 'Steel Coil', 7, 4, 4, TIMESTAMPTZ '2026-04-02 18:00:00+00', 'Delivered'),
    ('SHIP-019', 'Beverages', 4, 3, 3, TIMESTAMPTZ '2026-03-27 18:00:00+00', 'Delivered'),
    ('SHIP-020', 'Laptops', 8, 3, 3, TIMESTAMPTZ '2026-04-03 18:00:00+00', 'Delivered'),
    ('SHIP-021', 'Hotel Furniture', 5, 5, 5, TIMESTAMPTZ '2026-03-13 18:00:00+00', 'Delivered'),
    ('SHIP-022', 'Fertilizer', 6, 3, 3, TIMESTAMPTZ '2026-03-07 18:00:00+00', 'Delivered');

INSERT INTO stops (stop_id, shipment_id, stop_number, hub_name, planned_arrival, actual_arrival, planned_departure, actual_departure) VALUES
    ('ST-S001-1', 'SHIP-001', 1, 'Chicago-Main', TIMESTAMPTZ '2026-04-03 12:00:00+00', TIMESTAMPTZ '2026-04-03 12:00:00+00', TIMESTAMPTZ '2026-04-03 13:00:00+00', TIMESTAMPTZ '2026-04-03 13:00:00+00'),
    ('ST-S001-2', 'SHIP-001', 2, 'Dallas-Hub', TIMESTAMPTZ '2026-04-04 12:00:00+00', TIMESTAMPTZ '2026-04-04 11:00:00+00', TIMESTAMPTZ '2026-04-04 14:00:00+00', TIMESTAMPTZ '2026-04-04 13:00:00+00'),
    ('ST-S001-3', 'SHIP-001', 3, 'Phoenix-West', TIMESTAMPTZ '2026-04-05 06:00:00+00', NULL, TIMESTAMPTZ '2026-04-05 08:00:00+00', NULL),
    ('ST-S001-4', 'SHIP-001', 4, 'NYC-Port', TIMESTAMPTZ '2026-04-06 06:00:00+00', NULL, TIMESTAMPTZ '2026-04-06 08:00:00+00', NULL),
    ('ST-S002-1', 'SHIP-002', 1, 'Atlanta-South', TIMESTAMPTZ '2026-03-29 14:00:00+00', TIMESTAMPTZ '2026-03-29 14:00:00+00', TIMESTAMPTZ '2026-03-29 15:00:00+00', TIMESTAMPTZ '2026-03-29 15:00:00+00'),
    ('ST-S002-2', 'SHIP-002', 2, 'Dallas-Hub', TIMESTAMPTZ '2026-03-30 08:00:00+00', TIMESTAMPTZ '2026-03-30 07:00:00+00', TIMESTAMPTZ '2026-03-30 10:00:00+00', TIMESTAMPTZ '2026-03-30 09:00:00+00'),
    ('ST-S002-3', 'SHIP-002', 3, 'Chicago-Main', TIMESTAMPTZ '2026-03-31 10:00:00+00', TIMESTAMPTZ '2026-03-31 10:00:00+00', TIMESTAMPTZ '2026-03-31 11:00:00+00', TIMESTAMPTZ '2026-03-31 11:00:00+00'),
    ('ST-S003-1', 'SHIP-003', 1, 'NYC-Port', TIMESTAMPTZ '2026-04-04 14:00:00+00', TIMESTAMPTZ '2026-04-04 14:00:00+00', TIMESTAMPTZ '2026-04-04 16:00:00+00', TIMESTAMPTZ '2026-04-04 16:00:00+00'),
    ('ST-S003-2', 'SHIP-003', 2, 'Chicago-Main', TIMESTAMPTZ '2026-04-05 02:00:00+00', NULL, TIMESTAMPTZ '2026-04-05 04:00:00+00', NULL),
    ('ST-S003-3', 'SHIP-003', 3, 'Dallas-Hub', TIMESTAMPTZ '2026-04-05 18:00:00+00', NULL, TIMESTAMPTZ '2026-04-05 20:00:00+00', NULL),
    ('ST-S003-4', 'SHIP-003', 4, 'Phoenix-West', TIMESTAMPTZ '2026-04-06 10:00:00+00', NULL, TIMESTAMPTZ '2026-04-06 12:00:00+00', NULL),
    ('ST-S003-5', 'SHIP-003', 5, 'Atlanta-South', TIMESTAMPTZ '2026-04-07 02:00:00+00', NULL, TIMESTAMPTZ '2026-04-07 04:00:00+00', NULL),
    ('ST-S004-1', 'SHIP-004', 1, 'Phoenix-West', TIMESTAMPTZ '2026-04-04 06:00:00+00', TIMESTAMPTZ '2026-04-04 06:00:00+00', TIMESTAMPTZ '2026-04-04 07:00:00+00', TIMESTAMPTZ '2026-04-04 07:00:00+00'),
    ('ST-S004-2', 'SHIP-004', 2, 'Dallas-Hub', TIMESTAMPTZ '2026-04-04 16:00:00+00', TIMESTAMPTZ '2026-04-04 15:00:00+00', TIMESTAMPTZ '2026-04-04 20:00:00+00', NULL),
    ('ST-S004-3', 'SHIP-004', 3, 'Chicago-Main', TIMESTAMPTZ '2026-04-05 12:00:00+00', NULL, TIMESTAMPTZ '2026-04-05 14:00:00+00', NULL),
    ('ST-S005-1', 'SHIP-005', 1, 'Chicago-Main', TIMESTAMPTZ '2026-03-30 18:00:00+00', TIMESTAMPTZ '2026-03-30 18:00:00+00', TIMESTAMPTZ '2026-03-30 19:00:00+00', TIMESTAMPTZ '2026-03-30 19:00:00+00'),
    ('ST-S005-2', 'SHIP-005', 2, 'Atlanta-South', TIMESTAMPTZ '2026-03-31 18:00:00+00', TIMESTAMPTZ '2026-03-31 18:00:00+00', TIMESTAMPTZ '2026-03-31 19:00:00+00', TIMESTAMPTZ '2026-03-31 19:00:00+00'),
    ('ST-S005-3', 'SHIP-005', 3, 'NYC-Port', TIMESTAMPTZ '2026-04-01 18:00:00+00', TIMESTAMPTZ '2026-04-01 18:00:00+00', TIMESTAMPTZ '2026-04-01 19:00:00+00', TIMESTAMPTZ '2026-04-01 19:00:00+00'),
    ('ST-S005-4', 'SHIP-005', 4, 'Dallas-Hub', TIMESTAMPTZ '2026-04-04 00:00:00+00', TIMESTAMPTZ '2026-04-04 00:00:00+00', TIMESTAMPTZ '2026-04-04 01:00:00+00', TIMESTAMPTZ '2026-04-04 01:00:00+00'),
    ('ST-S006-1', 'SHIP-006', 1, 'Seattle-North', TIMESTAMPTZ '2026-04-03 14:00:00+00', TIMESTAMPTZ '2026-04-03 14:00:00+00', TIMESTAMPTZ '2026-04-03 15:00:00+00', TIMESTAMPTZ '2026-04-03 15:00:00+00'),
    ('ST-S006-2', 'SHIP-006', 2, 'Chicago-Main', TIMESTAMPTZ '2026-04-05 04:00:00+00', NULL, TIMESTAMPTZ '2026-04-05 06:00:00+00', NULL),
    ('ST-S006-3', 'SHIP-006', 3, 'Atlanta-South', TIMESTAMPTZ '2026-04-06 00:00:00+00', NULL, TIMESTAMPTZ '2026-04-06 02:00:00+00', NULL),
    ('ST-S006-4', 'SHIP-006', 4, 'Miami-Port', TIMESTAMPTZ '2026-04-06 22:00:00+00', NULL, TIMESTAMPTZ '2026-04-07 00:00:00+00', NULL),
    ('ST-S007-1', 'SHIP-007', 1, 'Miami-Port', TIMESTAMPTZ '2026-04-03 18:00:00+00', TIMESTAMPTZ '2026-04-03 18:00:00+00', TIMESTAMPTZ '2026-04-03 19:00:00+00', TIMESTAMPTZ '2026-04-03 19:00:00+00'),
    ('ST-S007-2', 'SHIP-007', 2, 'Atlanta-South', TIMESTAMPTZ '2026-04-04 08:00:00+00', TIMESTAMPTZ '2026-04-04 08:00:00+00', TIMESTAMPTZ '2026-04-04 09:00:00+00', TIMESTAMPTZ '2026-04-04 09:00:00+00'),
    ('ST-S007-3', 'SHIP-007', 3, 'Dallas-Hub', TIMESTAMPTZ '2026-04-05 02:00:00+00', NULL, TIMESTAMPTZ '2026-04-05 04:00:00+00', NULL),
    ('ST-S008-1', 'SHIP-008', 1, 'Dallas-Hub', TIMESTAMPTZ '2026-04-04 00:00:00+00', TIMESTAMPTZ '2026-04-04 00:00:00+00', TIMESTAMPTZ '2026-04-04 01:00:00+00', TIMESTAMPTZ '2026-04-04 01:00:00+00'),
    ('ST-S008-2', 'SHIP-008', 2, 'Chicago-Main', TIMESTAMPTZ '2026-04-05 08:00:00+00', NULL, TIMESTAMPTZ '2026-04-05 10:00:00+00', NULL),
    ('ST-S008-3', 'SHIP-008', 3, 'NYC-Port', TIMESTAMPTZ '2026-04-06 10:00:00+00', NULL, TIMESTAMPTZ '2026-04-06 12:00:00+00', NULL),
    ('ST-S009-1', 'SHIP-009', 1, 'Seattle-North', TIMESTAMPTZ '2026-04-03 06:00:00+00', TIMESTAMPTZ '2026-04-03 06:00:00+00', TIMESTAMPTZ '2026-04-03 07:00:00+00', TIMESTAMPTZ '2026-04-03 07:00:00+00'),
    ('ST-S009-2', 'SHIP-009', 2, 'Chicago-Main', TIMESTAMPTZ '2026-04-04 10:00:00+00', TIMESTAMPTZ '2026-04-04 10:00:00+00', TIMESTAMPTZ '2026-04-04 11:00:00+00', TIMESTAMPTZ '2026-04-04 11:00:00+00'),
    ('ST-S009-3', 'SHIP-009', 3, 'Dallas-Hub', TIMESTAMPTZ '2026-04-05 00:00:00+00', NULL, TIMESTAMPTZ '2026-04-05 02:00:00+00', NULL),
    ('ST-S009-4', 'SHIP-009', 4, 'Miami-Port', TIMESTAMPTZ '2026-04-05 16:00:00+00', NULL, TIMESTAMPTZ '2026-04-05 18:00:00+00', NULL),
    ('ST-S010-1', 'SHIP-010', 1, 'Phoenix-West', TIMESTAMPTZ '2026-04-02 18:00:00+00', TIMESTAMPTZ '2026-04-02 18:00:00+00', TIMESTAMPTZ '2026-04-02 19:00:00+00', TIMESTAMPTZ '2026-04-02 19:00:00+00'),
    ('ST-S010-2', 'SHIP-010', 2, 'Dallas-Hub', TIMESTAMPTZ '2026-04-03 12:00:00+00', TIMESTAMPTZ '2026-04-03 12:00:00+00', TIMESTAMPTZ '2026-04-03 13:00:00+00', TIMESTAMPTZ '2026-04-03 13:00:00+00'),
    ('ST-S010-3', 'SHIP-010', 3, 'Atlanta-South', TIMESTAMPTZ '2026-04-04 12:00:00+00', TIMESTAMPTZ '2026-04-04 12:00:00+00', TIMESTAMPTZ '2026-04-04 13:00:00+00', TIMESTAMPTZ '2026-04-04 13:00:00+00'),
    ('ST-S010-4', 'SHIP-010', 4, 'NYC-Port', TIMESTAMPTZ '2026-04-04 22:00:00+00', NULL, TIMESTAMPTZ '2026-04-05 00:00:00+00', NULL),
    ('ST-S011-1', 'SHIP-011', 1, 'NYC-Port', TIMESTAMPTZ '2026-04-04 22:00:00+00', NULL, TIMESTAMPTZ '2026-04-05 00:00:00+00', NULL),
    ('ST-S011-2', 'SHIP-011', 2, 'Chicago-Main', TIMESTAMPTZ '2026-04-05 14:00:00+00', NULL, TIMESTAMPTZ '2026-04-05 16:00:00+00', NULL),
    ('ST-S011-3', 'SHIP-011', 3, 'Seattle-North', TIMESTAMPTZ '2026-04-06 14:00:00+00', NULL, TIMESTAMPTZ '2026-04-06 16:00:00+00', NULL),
    ('ST-S012-1', 'SHIP-012', 1, 'Chicago-Main', TIMESTAMPTZ '2026-04-03 02:00:00+00', TIMESTAMPTZ '2026-04-03 02:00:00+00', TIMESTAMPTZ '2026-04-03 03:00:00+00', TIMESTAMPTZ '2026-04-03 03:00:00+00'),
    ('ST-S012-2', 'SHIP-012', 2, 'Dallas-Hub', TIMESTAMPTZ '2026-04-03 22:00:00+00', TIMESTAMPTZ '2026-04-03 21:00:00+00', TIMESTAMPTZ '2026-04-04 00:00:00+00', TIMESTAMPTZ '2026-04-03 23:00:00+00'),
    ('ST-S012-3', 'SHIP-012', 3, 'Phoenix-West', TIMESTAMPTZ '2026-04-05 06:00:00+00', NULL, TIMESTAMPTZ '2026-04-05 08:00:00+00', NULL),
    ('ST-S012-4', 'SHIP-012', 4, 'Miami-Port', TIMESTAMPTZ '2026-04-06 06:00:00+00', NULL, TIMESTAMPTZ '2026-04-06 08:00:00+00', NULL),
    ('ST-S012-5', 'SHIP-012', 5, 'Atlanta-South', TIMESTAMPTZ '2026-04-07 06:00:00+00', NULL, TIMESTAMPTZ '2026-04-07 08:00:00+00', NULL),
    ('ST-S013-1', 'SHIP-013', 1, 'Atlanta-South', TIMESTAMPTZ '2026-04-04 10:00:00+00', TIMESTAMPTZ '2026-04-04 10:00:00+00', TIMESTAMPTZ '2026-04-04 11:00:00+00', TIMESTAMPTZ '2026-04-04 11:00:00+00'),
    ('ST-S013-2', 'SHIP-013', 2, 'Chicago-Main', TIMESTAMPTZ '2026-04-05 14:00:00+00', NULL, TIMESTAMPTZ '2026-04-05 16:00:00+00', NULL),
    ('ST-S014-1', 'SHIP-014', 1, 'Phoenix-West', TIMESTAMPTZ '2026-04-03 20:00:00+00', TIMESTAMPTZ '2026-04-03 20:00:00+00', TIMESTAMPTZ '2026-04-03 21:00:00+00', TIMESTAMPTZ '2026-04-03 21:00:00+00'),
    ('ST-S014-2', 'SHIP-014', 2, 'Dallas-Hub', TIMESTAMPTZ '2026-04-05 04:00:00+00', NULL, TIMESTAMPTZ '2026-04-05 06:00:00+00', NULL),
    ('ST-S014-3', 'SHIP-014', 3, 'Chicago-Main', TIMESTAMPTZ '2026-04-06 04:00:00+00', NULL, TIMESTAMPTZ '2026-04-06 06:00:00+00', NULL),
    ('ST-S014-4', 'SHIP-014', 4, 'Seattle-North', TIMESTAMPTZ '2026-04-07 04:00:00+00', NULL, TIMESTAMPTZ '2026-04-07 06:00:00+00', NULL),
    ('ST-S015-1', 'SHIP-015', 1, 'NYC-Port', TIMESTAMPTZ '2026-03-30 18:00:00+00', TIMESTAMPTZ '2026-03-30 18:00:00+00', TIMESTAMPTZ '2026-03-30 19:00:00+00', TIMESTAMPTZ '2026-03-30 19:00:00+00'),
    ('ST-S015-2', 'SHIP-015', 2, 'Dallas-Hub', TIMESTAMPTZ '2026-03-31 18:00:00+00', TIMESTAMPTZ '2026-03-31 18:00:00+00', TIMESTAMPTZ '2026-03-31 19:00:00+00', TIMESTAMPTZ '2026-03-31 19:00:00+00'),
    ('ST-S015-3', 'SHIP-015', 3, 'Phoenix-West', TIMESTAMPTZ '2026-04-01 18:00:00+00', TIMESTAMPTZ '2026-04-01 18:00:00+00', TIMESTAMPTZ '2026-04-01 19:00:00+00', TIMESTAMPTZ '2026-04-01 19:00:00+00'),
    ('ST-S016-1', 'SHIP-016', 1, 'Seattle-North', TIMESTAMPTZ '2026-03-27 18:00:00+00', TIMESTAMPTZ '2026-03-27 18:00:00+00', TIMESTAMPTZ '2026-03-27 19:00:00+00', TIMESTAMPTZ '2026-03-27 19:00:00+00'),
    ('ST-S016-2', 'SHIP-016', 2, 'Chicago-Main', TIMESTAMPTZ '2026-03-28 18:00:00+00', TIMESTAMPTZ '2026-03-28 18:00:00+00', TIMESTAMPTZ '2026-03-28 19:00:00+00', TIMESTAMPTZ '2026-03-28 19:00:00+00'),
    ('ST-S016-3', 'SHIP-016', 3, 'Atlanta-South', TIMESTAMPTZ '2026-03-29 18:00:00+00', TIMESTAMPTZ '2026-03-29 18:00:00+00', TIMESTAMPTZ '2026-03-29 19:00:00+00', TIMESTAMPTZ '2026-03-29 19:00:00+00'),
    ('ST-S016-4', 'SHIP-016', 4, 'Miami-Port', TIMESTAMPTZ '2026-03-30 18:00:00+00', TIMESTAMPTZ '2026-03-30 18:00:00+00', TIMESTAMPTZ '2026-03-30 19:00:00+00', TIMESTAMPTZ '2026-03-30 19:00:00+00'),
    ('ST-S017-1', 'SHIP-017', 1, 'Phoenix-West', TIMESTAMPTZ '2026-03-21 18:00:00+00', TIMESTAMPTZ '2026-03-21 18:00:00+00', TIMESTAMPTZ '2026-03-21 19:00:00+00', TIMESTAMPTZ '2026-03-21 19:00:00+00'),
    ('ST-S017-2', 'SHIP-017', 2, 'Chicago-Main', TIMESTAMPTZ '2026-03-23 18:00:00+00', TIMESTAMPTZ '2026-03-23 18:00:00+00', TIMESTAMPTZ '2026-03-23 19:00:00+00', TIMESTAMPTZ '2026-03-23 19:00:00+00'),
    ('ST-S018-1', 'SHIP-018', 1, 'Chicago-Main', TIMESTAMPTZ '2026-03-25 18:00:00+00', TIMESTAMPTZ '2026-03-25 18:00:00+00', TIMESTAMPTZ '2026-03-25 19:00:00+00', TIMESTAMPTZ '2026-03-25 19:00:00+00'),
    ('ST-S018-2', 'SHIP-018', 2, 'Dallas-Hub', TIMESTAMPTZ '2026-03-27 18:00:00+00', TIMESTAMPTZ '2026-03-27 18:00:00+00', TIMESTAMPTZ '2026-03-27 19:00:00+00', TIMESTAMPTZ '2026-03-27 19:00:00+00'),
    ('ST-S018-3', 'SHIP-018', 3, 'Atlanta-South', TIMESTAMPTZ '2026-03-30 18:00:00+00', TIMESTAMPTZ '2026-03-30 18:00:00+00', TIMESTAMPTZ '2026-03-30 19:00:00+00', TIMESTAMPTZ '2026-03-30 19:00:00+00'),
    ('ST-S018-4', 'SHIP-018', 4, 'NYC-Port', TIMESTAMPTZ '2026-04-02 18:00:00+00', TIMESTAMPTZ '2026-04-02 18:00:00+00', TIMESTAMPTZ '2026-04-02 19:00:00+00', TIMESTAMPTZ '2026-04-02 19:00:00+00'),
    ('ST-S019-1', 'SHIP-019', 1, 'Miami-Port', TIMESTAMPTZ '2026-03-23 18:00:00+00', TIMESTAMPTZ '2026-03-23 18:00:00+00', TIMESTAMPTZ '2026-03-23 19:00:00+00', TIMESTAMPTZ '2026-03-23 19:00:00+00'),
    ('ST-S019-2', 'SHIP-019', 2, 'Atlanta-South', TIMESTAMPTZ '2026-03-25 18:00:00+00', TIMESTAMPTZ '2026-03-25 18:00:00+00', TIMESTAMPTZ '2026-03-25 19:00:00+00', TIMESTAMPTZ '2026-03-25 19:00:00+00'),
    ('ST-S019-3', 'SHIP-019', 3, 'Chicago-Main', TIMESTAMPTZ '2026-03-27 18:00:00+00', TIMESTAMPTZ '2026-03-27 18:00:00+00', TIMESTAMPTZ '2026-03-27 19:00:00+00', TIMESTAMPTZ '2026-03-27 19:00:00+00'),
    ('ST-S020-1', 'SHIP-020', 1, 'Dallas-Hub', TIMESTAMPTZ '2026-04-01 18:00:00+00', TIMESTAMPTZ '2026-04-01 18:00:00+00', TIMESTAMPTZ '2026-04-01 19:00:00+00', TIMESTAMPTZ '2026-04-01 19:00:00+00'),
    ('ST-S020-2', 'SHIP-020', 2, 'Phoenix-West', TIMESTAMPTZ '2026-04-02 18:00:00+00', TIMESTAMPTZ '2026-04-02 18:00:00+00', TIMESTAMPTZ '2026-04-02 19:00:00+00', TIMESTAMPTZ '2026-04-02 19:00:00+00'),
    ('ST-S020-3', 'SHIP-020', 3, 'Seattle-North', TIMESTAMPTZ '2026-04-03 18:00:00+00', TIMESTAMPTZ '2026-04-03 18:00:00+00', TIMESTAMPTZ '2026-04-03 19:00:00+00', TIMESTAMPTZ '2026-04-03 19:00:00+00'),
    ('ST-S021-1', 'SHIP-021', 1, 'Chicago-Main', TIMESTAMPTZ '2026-03-09 18:00:00+00', TIMESTAMPTZ '2026-03-09 18:00:00+00', TIMESTAMPTZ '2026-03-09 19:00:00+00', TIMESTAMPTZ '2026-03-09 19:00:00+00'),
    ('ST-S021-2', 'SHIP-021', 2, 'Dallas-Hub', TIMESTAMPTZ '2026-03-10 18:00:00+00', TIMESTAMPTZ '2026-03-10 18:00:00+00', TIMESTAMPTZ '2026-03-10 19:00:00+00', TIMESTAMPTZ '2026-03-10 19:00:00+00'),
    ('ST-S021-3', 'SHIP-021', 3, 'Phoenix-West', TIMESTAMPTZ '2026-03-11 18:00:00+00', TIMESTAMPTZ '2026-03-11 18:00:00+00', TIMESTAMPTZ '2026-03-11 19:00:00+00', TIMESTAMPTZ '2026-03-11 19:00:00+00'),
    ('ST-S021-4', 'SHIP-021', 4, 'Atlanta-South', TIMESTAMPTZ '2026-03-12 18:00:00+00', TIMESTAMPTZ '2026-03-12 18:00:00+00', TIMESTAMPTZ '2026-03-12 19:00:00+00', TIMESTAMPTZ '2026-03-12 19:00:00+00'),
    ('ST-S021-5', 'SHIP-021', 5, 'Miami-Port', TIMESTAMPTZ '2026-03-13 18:00:00+00', TIMESTAMPTZ '2026-03-13 18:00:00+00', TIMESTAMPTZ '2026-03-13 19:00:00+00', TIMESTAMPTZ '2026-03-13 19:00:00+00'),
    ('ST-S022-1', 'SHIP-022', 1, 'NYC-Port', TIMESTAMPTZ '2026-03-05 18:00:00+00', TIMESTAMPTZ '2026-03-05 18:00:00+00', TIMESTAMPTZ '2026-03-05 19:00:00+00', TIMESTAMPTZ '2026-03-05 19:00:00+00'),
    ('ST-S022-2', 'SHIP-022', 2, 'Chicago-Main', TIMESTAMPTZ '2026-03-06 18:00:00+00', TIMESTAMPTZ '2026-03-06 18:00:00+00', TIMESTAMPTZ '2026-03-06 19:00:00+00', TIMESTAMPTZ '2026-03-06 19:00:00+00'),
    ('ST-S022-3', 'SHIP-022', 3, 'Dallas-Hub', TIMESTAMPTZ '2026-03-07 18:00:00+00', TIMESTAMPTZ '2026-03-07 18:00:00+00', TIMESTAMPTZ '2026-03-07 19:00:00+00', TIMESTAMPTZ '2026-03-07 19:00:00+00');

INSERT INTO risks (risk_id, hub_name, category, severity, est_delay_hrs) VALUES
    ('RISK-001', 'Dallas-Hub', 'Weather', 7, 4.5),
    ('RISK-002', 'Dallas-Hub', 'Traffic', 5, 2.0),
    ('RISK-003', 'Chicago-Main', 'Labor', 4, 1.5),
    ('RISK-004', 'NYC-Port', 'Weather', 6, 3.0),
    ('RISK-005', 'Phoenix-West', 'Traffic', 3, 1.0),
    ('RISK-006', 'Atlanta-South', 'Equipment', 5, 2.5),
    ('RISK-007', 'Miami-Port', 'Port Congestion', 8, 5.5),
    ('RISK-008', 'Seattle-North', 'Weather', 5, 2.0),
    ('RISK-009', 'Chicago-Main', 'Capacity', 6, 3.5);

INSERT INTO insights (insight_id, shipment_id, flag_status, predicted_arrival, reasoning, confidence) VALUES
    ('insight_SHIP-001', 'SHIP-001', 'Delayed', TIMESTAMPTZ '2026-04-06 10:00:00+00', 'Weather and congestion at Dallas-Hub; vaccine-adjacent lane pressure.', 7),
    ('insight_SHIP-003', 'SHIP-003', 'On Time', TIMESTAMPTZ '2026-04-07 14:00:00+00', 'Route clear; hubs within capacity after NYC departure.', 8),
    ('insight_SHIP-004', 'SHIP-004', 'Delayed', TIMESTAMPTZ '2026-04-05 10:00:00+00', 'Dallas congestion absorbing dwell time; tight window to Chicago.', 6),
    ('insight_SHIP-006', 'SHIP-006', 'Delayed', TIMESTAMPTZ '2026-04-07 02:00:00+00', 'Cross-country lane; Seattle handoff on schedule but Midwest risk.', 7),
    ('insight_SHIP-007', 'SHIP-007', 'On Time', TIMESTAMPTZ '2026-04-06 02:00:00+00', 'Miami–Atlanta cleared; monitoring Dallas weather.', 8),
    ('insight_SHIP-008', 'SHIP-008', 'On Time', TIMESTAMPTZ '2026-04-08 10:00:00+00', 'Low-priority bulk; flexible slotting into Chicago.', 5),
    ('insight_SHIP-009', 'SHIP-009', 'Critical', TIMESTAMPTZ '2026-04-06 04:00:00+00', 'High-priority cold chain exposure on Dallas–Miami segment.', 9),
    ('insight_SHIP-010', 'SHIP-010', 'On Time', TIMESTAMPTZ '2026-04-05 08:00:00+00', 'Final NYC leg; Atlanta and Dallas on plan.', 7),
    ('insight_SHIP-011', 'SHIP-011', 'Critical', TIMESTAMPTZ '2026-04-06 20:00:00+00', 'Semiconductor security lane; NYC origin dwell under watch.', 9),
    ('insight_SHIP-012', 'SHIP-012', 'Delayed', TIMESTAMPTZ '2026-04-09 06:00:00+00', 'Agricultural season surge at Phoenix; cascading to Miami.', 6),
    ('insight_SHIP-013', 'SHIP-013', 'On Time', TIMESTAMPTZ '2026-04-06 08:00:00+00', 'Short hop; pet food stable demand window.', 6),
    ('insight_SHIP-014', 'SHIP-014', 'Delayed', TIMESTAMPTZ '2026-04-08 02:00:00+00', 'Industrial motors; Dallas hub coupling with congestion index.', 7);
